<?xml version="1.0" encoding="UTF-8" standalone="no"?>
<location BACKGROUND="home" BOOLMAP="home" LOCID="home">
    <stuffs>
        <tree height="133" width="78" x="41" y="12">
            <toCome x="81" y="161"/>
        </tree>
        <furnace height="56" width="32" x="142" y="88">
            <toCome x="173" y="157"/>
        </furnace>
        <socks height="35" width="50" x="146" y="21"/>
        <window height="60" width="70" x="218" y="14">
            <toCome x="253" y="127"/>
        </window>
        <calender height="34" width="33" x="17" y="12"/>
        <pot height="13" width="29" x="142" y="75">
            <bitmap scale="1.0" x="143" y="76">pot</bitmap>
            <pickup/>
            <toCome x="142" y="75"/>
        </pot>
    </stuffs>
    <arrows>
        <toPostbox height="181" imageX="290" imageY="104" location="post_box" width="16" x="304" y="0">
            <pos>RIGHT</pos>
            <size>BIG</size>
            <toCome x="332" y="160"/>
            <toFinal right="true" x="12" y="174"/>
        </toPostbox>
    </arrows>
</location>